"doc_id","datetime","text","media","alt_text","likes","reposts","replies","username","handle","user_description","user_image","user_followers","commented_post¬†","sponsored","target","condition","sequence","comment"
1,2024-03-20 09:15:00,"Today I completed a marathon of books that were recommended by a friend working in the tech industry. All of them were extremely insightful but I have to admit that 'Exponential Organizations' stood out. A must-read for anyone looking to thrive in an era of constant change! #futureorganizations","https://raw.githubusercontent.com/catiaalves/dice_disgust_mod/main/1.john_media.avif",NA,46,0,3,"JohnP","John Parker","An accountant by day, fashion enthusiast by night. Always trying to learn something new and see things from different angles.","https://raw.githubusercontent.com/catiaalves/dice_disgust_mod/main/1.john_user.avif",543,0,0,NA,"FD1",1,"filler1"
2,2024-03-20 11:21:00,"Yesterday, I was having lunch with a group of friends at a local restaurant near my place. Then I went to the bathroom and I found this...The worst part was that I tried to flush the toilet and flood the bathroom. NOOOO, it was repulsive!!! #Bathroom","https://raw.githubusercontent.com/catiaalves/dice_disgust_mod/main/2D.barbara_media_disgust.jpg",NA,54,18,35,"BarbaraSmith","Barbara Smith","Zodiac expert | Yoga professor | Life isn't about waiting for the storm to pass, it's about learning to dance in the rain.","https://raw.githubusercontent.com/catiaalves/dice_disgust_mod/main/2.barbara_user.avif",713,0,0,NA,"FD1",2,"disgust_barbara"
3,2024-03-20 15:12:00,"Research has shown that 75% of mental health problems emerge before the age of 18. Find out how experts are analysing the brain's development from infancy through to adolescence. #mentalhealth #brain","https://raw.githubusercontent.com/catiaalves/dice_disgust_mod/main/3.oxford_media.avif",NA,101,12,3,"UniofOxford","University of Oxford","Welcome to our official account. Follow for the latest news, research and updates about life at Oxford.","https://raw.githubusercontent.com/catiaalves/dice_disgust_mod/main/3.oxford_user.jpg",993839,0,0,NA,"FD1",3,"functional_oxford"
4,2024-03-20 17:00:00,"Hong Kong attracts 24 applicants for crypto exchange permits. The city is seeking to foster a regulated hub for digital assets.#technology #crypto","https://raw.githubusercontent.com/catiaalves/dice_disgust_mod/main/4.bloomberg_media.avif",NA,94,14,16,"Bloomberg","Bloomberg","Connecting decision makers to a dynamic network of information, people and ideas.","https://raw.githubusercontent.com/catiaalves/dice_disgust_mod/main/4.bloomberg_user.jpg",720393,0,0,NA,"FD1",4,"functional_bloomberg"
5,2024-03-20 17:14:00,"The AI era. The Angstrom era. The_____era. What's next for the world and for us? Give us your guesses below.","https://raw.githubusercontent.com/catiaalves/dice_disgust_mod/main/5.intel_media.jpg",NA,61,3,40,"Intel","Intel","Intel news, views & events about global tech innovation. Looking for support? Tweet @IntelSupport","https://raw.githubusercontent.com/catiaalves/dice_disgust_mod/main/5.intel_user.png",4900846,0,0,NA,"FD1",5,"functional_intel"
6,2024-03-21 09:11:00,"Just moved into my student residence and encountered a persistent awful smell. I opened a drawer and stumbled upon a moldy, foul-smelling leftover. Seriously questioning the cleanliness standards here #studentlife","https://raw.githubusercontent.com/catiaalves/dice_disgust_mod/main/6D.mark_media_disgust.jpg",NA,15,1,10,"MarkTaylor20","Mark Taylor","Psychology student exploring the intricate layers of human behavior. Enthusiast of both the mind and the canvas. #Psychology #Art #Humanity","https://raw.githubusercontent.com/catiaalves/dice_disgust_mod/main/6.mark_user.jpg",294,0,0,NA,"FD1",6,"disgust_mark"
7,2024-03-21 11:32:00,"Summit Series is built to stand the tests of nature and time. It‚Äôs developed for the best, when the best are at their limit.
Shop Summit Series","https://raw.githubusercontent.com/catiaalves/dice_disgust_mod/main/8.northface_media.jfif",NA,101,19,2,"Thenorthface","The North Face","Official home of The North Face. #NeverStopExploring","https://raw.githubusercontent.com/catiaalves/dice_disgust_mod/main/8.northface_user.jpg",557400,0,0,NA,"FD1",7,"functional_northface"
8,2024-03-21 12:15:00,"Dream a little dream of Pure Cool Me‚Ñ¢. Purified air to cool you at night with our latest air projection technology. Set the sleep timer so you can keep cool and comfortable while you rest.","https://raw.githubusercontent.com/catiaalves/dice_disgust_mod/main/9.dyson_media.jfif",NA,32,8,3,"Dyson","Dyson","We‚Äôre here to share news and updates about Dyson technology. Please tweet 'AskDyson' for customer support.","https://raw.githubusercontent.com/catiaalves/dice_disgust_mod/main/9.dyson_user.png",91300,0,0,NA,"FD1",8,"functional_dyson"
9,2024-03-21 14:41:00,"Today, we reflect on the efforts we have already made to reduce our impact on the environment and focus on how we can do more.
#EverydayHeroes #WeDeliverPromises","https://raw.githubusercontent.com/catiaalves/dice_disgust_mod/main/7.yodel_media.jfif",NA,1,2,9,"YodelOnline","Yodel","Track your parcel at http://yodel.co.uk. Download the Yodel app today and see a two-hour delivery window and a delivered image for every parcel delivered to a door.","https://raw.githubusercontent.com/catiaalves/dice_disgust_mod/main/7.yodel_user.jpg",70700,0,0,NA,"FD1",9,"functional_yodel"
10,2024-03-21 20:12:00,"Walking among the ancient Roman ruins today feels like stepping back in time. Imagining the lives of those who once walked these streets - humbling reminder of our shared human journey.  #RomanEmpire #Archaeology","https://raw.githubusercontent.com/catiaalves/dice_disgust_mod/main/10.david_media.avif",NA,36,28,14,"DavidRod","David Rodriguez","Archaeologist based in Italy | Expert in hieroglyphs |Outdoor enthusiast & Landscape photographer","https://raw.githubusercontent.com/catiaalves/dice_disgust_mod/main/10.david_user.avif",954,0,0,NA,"FD1",10,"filler2"
11,2024-03-20 09:15:00,"Today I completed a marathon of books that were recommended by a friend working in the tech industry. All of them were extremely insightful but I have to admit that 'Exponential Organizations' stood out. A must-read for anyone looking to thrive in an era of constant change! #futureorganizations","https://raw.githubusercontent.com/catiaalves/dice_disgust_mod/main/1.john_media.avif",NA,46,0,3,"JohnP","John Parker","An accountant by day, fashion enthusiast by night. Always trying to learn something new and see things from different angles.","https://raw.githubusercontent.com/catiaalves/dice_disgust_mod/main/1.john_user.avif",543,0,0,NA,"FD2",1,"filler1"
12,2024-03-20 11:21:00,"Just moved into my student residence and encountered a persistent awful smell. I opened a drawer and stumbled upon a moldy, foul-smelling leftover. Seriously questioning the cleanliness standards here #studentlife","https://raw.githubusercontent.com/catiaalves/dice_disgust_mod/main/6D.mark_media_disgust.jpg",NA,15,1,10,"MarkTaylor20","Mark Taylor","Psychology student exploring the intricate layers of human behavior. Enthusiast of both the mind and the canvas. #Psychology #Art #Humanity","https://raw.githubusercontent.com/catiaalves/dice_disgust_mod/main/6.mark_user.jpg",294,0,0,NA,"FD2",2,"disgust_mark"
13,2024-03-20 15:12:00,"Research has shown that 75% of mental health problems emerge before the age of 18. Find out how experts are analysing the brain's development from infancy through to adolescence. #mentalhealth #brain","https://raw.githubusercontent.com/catiaalves/dice_disgust_mod/main/3.oxford_media.avif",NA,101,12,3,"UniofOxford","University of Oxford","Welcome to our official account. Follow for the latest news, research and updates about life at Oxford.","https://raw.githubusercontent.com/catiaalves/dice_disgust_mod/main/3.oxford_user.jpg",993839,0,0,NA,"FD2",3,"functional_oxford"
14,2024-03-20 17:00:00,"Hong Kong attracts 24 applicants for crypto exchange permits. The city is seeking to foster a regulated hub for digital assets.#technology #crypto","https://raw.githubusercontent.com/catiaalves/dice_disgust_mod/main/4.bloomberg_media.avif",NA,94,14,16,"Bloomberg","Bloomberg","Connecting decision makers to a dynamic network of information, people and ideas.","https://raw.githubusercontent.com/catiaalves/dice_disgust_mod/main/4.bloomberg_user.jpg",720393,0,0,NA,"FD2",4,"functional_bloomberg"
15,2024-03-20 17:14:00,"The AI era. The Angstrom era. The_____era. What's next for the world and for us? Give us your guesses below.","https://raw.githubusercontent.com/catiaalves/dice_disgust_mod/main/5.intel_media.jpg",NA,61,3,40,"Intel","Intel","Intel news, views & events about global tech innovation. Looking for support? Tweet @IntelSupport","https://raw.githubusercontent.com/catiaalves/dice_disgust_mod/main/5.intel_user.png",4900846,0,0,NA,"FD2",5,"functional_intel"
16,2024-03-21 09:11:00,"Yesterday, I was having lunch with a group of friends at a local restaurant near my place. Then I went to the bathroom and I found this...The worst part was that I tried to flush the toilet and flood the bathroom. NOOOO, it was repulsive!!! #Bathroom","https://raw.githubusercontent.com/catiaalves/dice_disgust_mod/main/2D.barbara_media_disgust.jpg",NA,54,18,35,"BarbaraSmith","Barbara Smith","Zodiac expert | Yoga professor | Life isn't about waiting for the storm to pass, it's about learning to dance in the rain.","https://raw.githubusercontent.com/catiaalves/dice_disgust_mod/main/2.barbara_user.avif",713,0,0,NA,"FD2",6,"disgust_barbara"
17,2024-03-21 11:32:00,"Summit Series is built to stand the tests of nature and time. It‚Äôs developed for the best, when the best are at their limit.
Shop Summit Series","https://raw.githubusercontent.com/catiaalves/dice_disgust_mod/main/8.northface_media.jfif",NA,101,19,2,"Thenorthface","The North Face","Official home of The North Face. #NeverStopExploring","https://raw.githubusercontent.com/catiaalves/dice_disgust_mod/main/8.northface_user.jpg",557400,0,0,NA,"FD2",7,"functional_northface"
18,2024-03-21 12:15:00,"Dream a little dream of Pure Cool Me‚Ñ¢. Purified air to cool you at night with our latest air projection technology. Set the sleep timer so you can keep cool and comfortable while you rest.","https://raw.githubusercontent.com/catiaalves/dice_disgust_mod/main/9.dyson_media.jfif",NA,32,8,3,"Dyson","Dyson","We‚Äôre here to share news and updates about Dyson technology. Please tweet 'AskDyson' for customer support.","https://raw.githubusercontent.com/catiaalves/dice_disgust_mod/main/9.dyson_user.png",91300,0,0,NA,"FD2",8,"functional_dyson"
19,2024-03-21 14:41:00,"Today, we reflect on the efforts we have already made to reduce our impact on the environment and focus on how we can do more.
#EverydayHeroes #WeDeliverPromises","https://raw.githubusercontent.com/catiaalves/dice_disgust_mod/main/7.yodel_media.jfif",NA,1,2,9,"YodelOnline","Yodel","Track your parcel at http://yodel.co.uk. Download the Yodel app today and see a two-hour delivery window and a delivered image for every parcel delivered to a door.","https://raw.githubusercontent.com/catiaalves/dice_disgust_mod/main/7.yodel_user.jpg",70700,0,0,NA,"FD2",9,"functional_yodel"
20,2024-03-21 20:12:00,"Walking among the ancient Roman ruins today feels like stepping back in time. Imagining the lives of those who once walked these streets - humbling reminder of our shared human journey.  #RomanEmpire #Archaeology","https://raw.githubusercontent.com/catiaalves/dice_disgust_mod/main/10.david_media.avif",NA,36,28,14,"DavidRod","David Rodriguez","Archaeologist based in Italy | Expert in hieroglyphs |Outdoor enthusiast & Landscape photographer","https://raw.githubusercontent.com/catiaalves/dice_disgust_mod/main/10.david_user.avif",954,0,0,NA,"FD2",10,"filler2"
21,2024-03-20 09:15:00,"Today I completed a marathon of books that were recommended by a friend working in the tech industry. All of them were extremely insightful but I have to admit that 'Exponential Organizations' stood out. A must-read for anyone looking to thrive in an era of constant change! #futureorganizations","https://raw.githubusercontent.com/catiaalves/dice_disgust_mod/main/1.john_media.avif",NA,46,0,3,"JohnP","John Parker","An accountant by day, fashion enthusiast by night. Always trying to learn something new and see things from different angles.","https://raw.githubusercontent.com/catiaalves/dice_disgust_mod/main/1.john_user.avif",543,0,0,NA,"ED1",1,"filler1"
22,2024-03-20 11:21:00,"Yesterday, I was having lunch with a group of friends at a local restaurant near my place. Then I went to the bathroom and I found this...The worst part was that I tried to flush the toilet and flood the bathroom. NOOOO, it was repulsive!!! #Bathroom","https://raw.githubusercontent.com/catiaalves/dice_disgust_mod/main/2D.barbara_media_disgust.jpg",NA,54,18,35,"BarbaraSmith","Barbara Smith","Zodiac expert | Yoga professor | Life isn't about waiting for the storm to pass, it's about learning to dance in the rain.","https://raw.githubusercontent.com/catiaalves/dice_disgust_mod/main/2.barbara_user.avif",713,0,0,NA,"ED1",2,"disgust_barbara"
23,2024-03-20 15:12:00,"‚ÄòThat simply can‚Äôt happen. To go in front against 10 men and then lose the lead, at home, it‚Äôs just not good enough.' üóØÔ∏è
Cole's honest assessment of our draw with Burnley. ‚§µÔ∏è","https://raw.githubusercontent.com/catiaalves/dice_disgust_mod/main/E9.chelsea_media.png",NA,43000,405,328,"ChelseaFC","Chelsea FC","Official account of Chelsea FC | London, England","https://raw.githubusercontent.com/catiaalves/dice_disgust_mod/main/E9.chelsea_user.jpg",25500000,0,0,NA,"ED1",3,"emotional_chelsea"
24,2024-03-20 17:00:00,"We think Yellow is fitting in pretty well here ‚Äì what do you think 
@mmschocolate","https://raw.githubusercontent.com/catiaalves/dice_disgust_mod/main/E4.snikers_media.jpg",NA,191,30,8,"SNICKERS","Snickers","If you think this is Vine.
Maybe you just need a SNICKERS","https://raw.githubusercontent.com/catiaalves/dice_disgust_mod/main/E4.snikers_user.jpg",501700,0,0,NA,"ED1",4,"emotional_snickers"
25,2024-03-20 17:14:00,"Do you speak Trench?
Paris' most coveted coat is back (but it won't be around for long ;)","https://raw.githubusercontent.com/catiaalves/dice_disgust_mod/main/E5.sezane_media.jpg",NA,12,3,1,"SezaneParis","Sezane","S√©zane was made in Paris, this account was made for you. 
Need help with something? Your hotline to Paris: hello@sezane.com","https://raw.githubusercontent.com/catiaalves/dice_disgust_mod/main/E5.sezane_user.jpg",14500,0,0,NA,"ED1",5,"emotional_sezane"
26,2024-03-21 09:11:00,"Just moved into my student residence and encountered a persistent awful smell. I opened a drawer and stumbled upon a moldy, foul-smelling leftover. Seriously questioning the cleanliness standards here #studentlife","https://raw.githubusercontent.com/catiaalves/dice_disgust_mod/main/6D.mark_media_disgust.jpg",NA,15,1,10,"MarkTaylor20","Mark Taylor","Psychology student exploring the intricate layers of human behavior. Enthusiast of both the mind and the canvas. #Psychology #Art #Humanity","https://raw.githubusercontent.com/catiaalves/dice_disgust_mod/main/6.mark_user.jpg",294,0,0,NA,"ED1",6,"disgust_mark"
27,2024-03-21 11:32:00,"definitely on the lookout for rainbows today üëÄ","https://raw.githubusercontent.com/catiaalves/dice_disgust_mod/main/E7.dominos_media.jpg",NA,241,85,24,"Dominos","Domino's Pizza","DOMIN-OH-HOO-HOO CS hours: Mon‚ÄìThurs 9am-10pm Fri 9am‚Äì12am Sat & Sun 12pm-12am","https://raw.githubusercontent.com/catiaalves/dice_disgust_mod/main/E7.dominos_user.jpg",1500000,0,0,NA,"ED1",7,"emotional_dominos"
28,2024-03-21 12:15:00,"A group of women linked to the fate of different worlds. Here's everything you need to know about the Black Swans.","https://raw.githubusercontent.com/catiaalves/dice_disgust_mod/main/E8.marvel_media.jpg",NA,303,33,7,"MarvelEntertainment","Marvel","The official account for Marvel comics, movies, games, and more.","https://raw.githubusercontent.com/catiaalves/dice_disgust_mod/main/E8.marvel_user.jpg",18600,0,0,NA,"ED1",8,"emotional_marvel"
29,2024-03-21 14:41:00,"Your most-loved liquid lipstick celebrates its 10th birthday with limited-edition shades & packaging! üòçüíã Grab yours now üíÑ #UnlimitedDoubleTouch","https://raw.githubusercontent.com/catiaalves/dice_disgust_mod/main/E3.kiko_media.jpg",NA,5,2,1,"KIKO","Kiko","Official KIKO Milan account, the leading brand in Europe for makeup & skin care. Follow us to be the first to know about the latest beauty trends.","https://raw.githubusercontent.com/catiaalves/dice_disgust_mod/main/E3.kiko_user.jpg",19100,0,0,NA,"ED1",9,"emotional_kiko"
30,2024-03-21 20:12:00,"Walking among the ancient Roman ruins today feels like stepping back in time. Imagining the lives of those who once walked these streets - humbling reminder of our shared human journey.  #RomanEmpire #Archaeology","https://raw.githubusercontent.com/catiaalves/dice_disgust_mod/main/10.david_media.avif",NA,36,28,14,"DavidRod","David Rodriguez","Archaeologist based in Italy | Expert in hieroglyphs |Outdoor enthusiast & Landscape photographer","https://raw.githubusercontent.com/catiaalves/dice_disgust_mod/main/10.david_user.avif",954,0,0,NA,"ED1",10,"filler2"
31,2024-03-20 09:15:00,"Today I completed a marathon of books that were recommended by a friend working in the tech industry. All of them were extremely insightful but I have to admit that 'Exponential Organizations' stood out. A must-read for anyone looking to thrive in an era of constant change! #futureorganizations","https://raw.githubusercontent.com/catiaalves/dice_disgust_mod/main/1.john_media.avif",NA,46,0,3,"JohnP","John Parker","An accountant by day, fashion enthusiast by night. Always trying to learn something new and see things from different angles.","https://raw.githubusercontent.com/catiaalves/dice_disgust_mod/main/1.john_user.avif",543,0,0,NA,"ED2",1,"filler1"
32,2024-03-20 11:21:00,"Just moved into my student residence and encountered a persistent awful smell. I opened a drawer and stumbled upon a moldy, foul-smelling leftover. Seriously questioning the cleanliness standards here #studentlife","https://raw.githubusercontent.com/catiaalves/dice_disgust_mod/main/6D.mark_media_disgust.jpg",NA,15,1,10,"MarkTaylor20","Mark Taylor","Psychology student exploring the intricate layers of human behavior. Enthusiast of both the mind and the canvas. #Psychology #Art #Humanity","https://raw.githubusercontent.com/catiaalves/dice_disgust_mod/main/6.mark_user.jpg",294,0,0,NA,"ED2",2,"disgust_mark"
33,2024-03-20 15:12:00,"‚ÄòThat simply can‚Äôt happen. To go in front against 10 men and then lose the lead, at home, it‚Äôs just not good enough.' üóØÔ∏è
Cole's honest assessment of our draw with Burnley. ‚§µÔ∏è","https://raw.githubusercontent.com/catiaalves/dice_disgust_mod/main/E9.chelsea_media.png",NA,43000,405,328,"ChelseaFC","Chelsea FC","Official account of Chelsea FC | London, England","https://raw.githubusercontent.com/catiaalves/dice_disgust_mod/main/E9.chelsea_user.jpg",25500000,0,0,NA,"ED2",3,"emotional_chelsea"
34,2024-03-20 17:00:00,"We think Yellow is fitting in pretty well here ‚Äì what do you think 
@mmschocolate","https://raw.githubusercontent.com/catiaalves/dice_disgust_mod/main/E4.snikers_media.jpg",NA,191,30,8,"SNICKERS","Snickers","If you think this is Vine.
Maybe you just need a SNICKERS","https://raw.githubusercontent.com/catiaalves/dice_disgust_mod/main/E4.snikers_user.jpg",501700,0,0,NA,"ED2",4,"emotional_snickers"
35,2024-03-20 17:14:00,"Do you speak Trench?
Paris' most coveted coat is back (but it won't be around for long ;)","https://raw.githubusercontent.com/catiaalves/dice_disgust_mod/main/E5.sezane_media.jpg",NA,12,3,1,"SezaneParis","Sezane","S√©zane was made in Paris, this account was made for you. 
Need help with something? Your hotline to Paris: hello@sezane.com","https://raw.githubusercontent.com/catiaalves/dice_disgust_mod/main/E5.sezane_user.jpg",14500,0,0,NA,"ED2",5,"emotional_sezane"
36,2024-03-21 09:11:00,"Yesterday, I was having lunch with a group of friends at a local restaurant near my place. Then I went to the bathroom and I found this...The worst part was that I tried to flush the toilet and flood the bathroom. NOOOO, it was repulsive!!! #Bathroom","https://raw.githubusercontent.com/catiaalves/dice_disgust_mod/main/2D.barbara_media_disgust.jpg",NA,54,18,35,"BarbaraSmith","Barbara Smith","Zodiac expert | Yoga professor | Life isn't about waiting for the storm to pass, it's about learning to dance in the rain.","https://raw.githubusercontent.com/catiaalves/dice_disgust_mod/main/2.barbara_user.avif",713,0,0,NA,"ED2",6,"disgust_barbara"
37,2024-03-21 11:32:00,"definitely on the lookout for rainbows today üëÄ","https://raw.githubusercontent.com/catiaalves/dice_disgust_mod/main/E7.dominos_media.jpg",NA,241,85,24,"Dominos","Domino's Pizza","DOMIN-OH-HOO-HOO CS hours: Mon‚ÄìThurs 9am-10pm Fri 9am‚Äì12am Sat & Sun 12pm-12am","https://raw.githubusercontent.com/catiaalves/dice_disgust_mod/main/E7.dominos_user.jpg",1500000,0,0,NA,"ED2",7,"emotional_dominos"
38,2024-03-21 12:15:00,"A group of women linked to the fate of different worlds. Here's everything you need to know about the Black Swans.","https://raw.githubusercontent.com/catiaalves/dice_disgust_mod/main/E8.marvel_media.jpg",NA,303,33,7,"MarvelEntertainment","Marvel","The official account for Marvel comics, movies, games, and more.","https://raw.githubusercontent.com/catiaalves/dice_disgust_mod/main/E8.marvel_user.jpg",18600,0,0,NA,"ED2",8,"emotional_marvel"
39,2024-03-21 14:41:00,"Your most-loved liquid lipstick celebrates its 10th birthday with limited-edition shades & packaging! üòçüíã Grab yours now üíÑ #UnlimitedDoubleTouch","https://raw.githubusercontent.com/catiaalves/dice_disgust_mod/main/E3.kiko_media.jpg",NA,5,2,1,"KIKO","Kiko","Official KIKO Milan account, the leading brand in Europe for makeup & skin care. Follow us to be the first to know about the latest beauty trends.","https://raw.githubusercontent.com/catiaalves/dice_disgust_mod/main/E3.kiko_user.jpg",19100,0,0,NA,"ED2",9,"emotional_kiko"
40,2024-03-21 20:12:00,"Walking among the ancient Roman ruins today feels like stepping back in time. Imagining the lives of those who once walked these streets - humbling reminder of our shared human journey.  #RomanEmpire #Archaeology","https://raw.githubusercontent.com/catiaalves/dice_disgust_mod/main/10.david_media.avif",NA,36,28,14,"DavidRod","David Rodriguez","Archaeologist based in Italy | Expert in hieroglyphs |Outdoor enthusiast & Landscape photographer","https://raw.githubusercontent.com/catiaalves/dice_disgust_mod/main/10.david_user.avif",954,0,0,NA,"ED2",10,"filler2"
41,2024-03-20 09:15:00,"Today I completed a marathon of books that were recommended by a friend working in the tech industry. All of them were extremely insightful but I have to admit that 'Exponential Organizations' stood out. A must-read for anyone looking to thrive in an era of constant change! #futureorganizations","https://raw.githubusercontent.com/catiaalves/dice_disgust_mod/main/1.john_media.avif",NA,46,0,3,"JohnP","John Parker","An accountant by day, fashion enthusiast by night. Always trying to learn something new and see things from different angles.","https://raw.githubusercontent.com/catiaalves/dice_disgust_mod/main/1.john_user.avif",543,0,0,NA,"FN1",1,"filler1"
42,2024-03-20 11:21:00,"Yesterday, I was having lunch with a group of friends at a local restaurant near my place. Then I went to the bathroom and found it to be well-arranged. It got me thinking about making some changes to my own bathroom at home. #Bathroom","https://raw.githubusercontent.com/catiaalves/dice_disgust_mod/main/2N.barbara_media_control.jpg",NA,54,18,35,"BarbaraSmith","Barbara Smith","Zodiac expert | Yoga professor | Life isn't about waiting for the storm to pass, it's about learning to dance in the rain.","https://raw.githubusercontent.com/catiaalves/dice_disgust_mod/main/2.barbara_user.avif",713,0,0,NA,"FN1",2,"neutral_barbara"
43,2024-03-20 15:12:00,"Research has shown that 75% of mental health problems emerge before the age of 18. Find out how experts are analysing the brain's development from infancy through to adolescence. #mentalhealth #brain","https://raw.githubusercontent.com/catiaalves/dice_disgust_mod/main/3.oxford_media.avif",NA,101,12,3,"UniofOxford","University of Oxford","Welcome to our official account. Follow for the latest news, research and updates about life at Oxford.","https://raw.githubusercontent.com/catiaalves/dice_disgust_mod/main/3.oxford_user.jpg",993839,0,0,NA,"FN1",3,"functional_oxford"
44,2024-03-20 17:00:00,"Hong Kong attracts 24 applicants for crypto exchange permits. The city is seeking to foster a regulated hub for digital assets.#technology #crypto","https://raw.githubusercontent.com/catiaalves/dice_disgust_mod/main/4.bloomberg_media.avif",NA,94,14,16,"Bloomberg","Bloomberg","Connecting decision makers to a dynamic network of information, people and ideas.","https://raw.githubusercontent.com/catiaalves/dice_disgust_mod/main/4.bloomberg_user.jpg",720393,0,0,NA,"FN1",4,"functional_bloomberg"
45,2024-03-20 17:14:00,"The AI era. The Angstrom era. The_____era. What's next for the world and for us? Give us your guesses below.","https://raw.githubusercontent.com/catiaalves/dice_disgust_mod/main/5.intel_media.jpg",NA,61,3,40,"Intel","Intel","Intel news, views & events about global tech innovation. Looking for support? Tweet @IntelSupport","https://raw.githubusercontent.com/catiaalves/dice_disgust_mod/main/5.intel_user.png",4900846,0,0,NA,"FN1",5,"functional_intel"
46,2024-03-21 09:11:00,"Just moved into my student residence and encountered a persistent delightful smell. I walked around the corner and stumbled upon these fresh flowers‚Ä¶it was a good start! #studentlife","https://raw.githubusercontent.com/catiaalves/dice_disgust_mod/main/6N.mark_media_control2.jpg",NA,15,1,10,"MarkTaylor20","Mark Taylor","Psychology student exploring the intricate layers of human behavior. Enthusiast of both the mind and the canvas. #Psychology #Art #Humanity","https://raw.githubusercontent.com/catiaalves/dice_disgust_mod/main/6.mark_user.jpg",294,0,0,NA,"FN1",6,"neutral_mark"
47,2024-03-21 11:32:00,"Summit Series is built to stand the tests of nature and time. It‚Äôs developed for the best, when the best are at their limit.
Shop Summit Series","https://raw.githubusercontent.com/catiaalves/dice_disgust_mod/main/8.northface_media.jfif",NA,101,19,2,"Thenorthface","The North Face","Official home of The North Face. #NeverStopExploring","https://raw.githubusercontent.com/catiaalves/dice_disgust_mod/main/8.northface_user.jpg",557400,0,0,NA,"FN1",7,"functional_northface"
48,2024-03-21 12:15:00,"Dream a little dream of Pure Cool Me‚Ñ¢. Purified air to cool you at night with our latest air projection technology. Set the sleep timer so you can keep cool and comfortable while you rest.","https://raw.githubusercontent.com/catiaalves/dice_disgust_mod/main/9.dyson_media.jfif",NA,32,8,3,"Dyson","Dyson","We‚Äôre here to share news and updates about Dyson technology. Please tweet 'AskDyson' for customer support.","https://raw.githubusercontent.com/catiaalves/dice_disgust_mod/main/9.dyson_user.png",91300,0,0,NA,"FN1",8,"functional_dyson"
49,2024-03-21 14:41:00,"Today, we reflect on the efforts we have already made to reduce our impact on the environment and focus on how we can do more.
#EverydayHeroes #WeDeliverPromises","https://raw.githubusercontent.com/catiaalves/dice_disgust_mod/main/7.yodel_media.jfif",NA,1,2,9,"YodelOnline","Yodel","Track your parcel at http://yodel.co.uk. Download the Yodel app today and see a two-hour delivery window and a delivered image for every parcel delivered to a door.","https://raw.githubusercontent.com/catiaalves/dice_disgust_mod/main/7.yodel_user.jpg",70700,0,0,NA,"FN1",9,"functional_yodel"
50,2024-03-21 20:12:00,"Walking among the ancient Roman ruins today feels like stepping back in time. Imagining the lives of those who once walked these streets - humbling reminder of our shared human journey.  #RomanEmpire #Archaeology","https://raw.githubusercontent.com/catiaalves/dice_disgust_mod/main/10.david_media.avif",NA,36,28,14,"DavidRod","David Rodriguez","Archaeologist based in Italy | Expert in hieroglyphs |Outdoor enthusiast & Landscape photographer","https://raw.githubusercontent.com/catiaalves/dice_disgust_mod/main/10.david_user.avif",954,0,0,NA,"FN1",10,"filler2"
51,2024-03-20 09:15:00,"Today I completed a marathon of books that were recommended by a friend working in the tech industry. All of them were extremely insightful but I have to admit that 'Exponential Organizations' stood out. A must-read for anyone looking to thrive in an era of constant change! #futureorganizations","https://raw.githubusercontent.com/catiaalves/dice_disgust_mod/main/1.john_media.avif",NA,46,0,3,"JohnP","John Parker","An accountant by day, fashion enthusiast by night. Always trying to learn something new and see things from different angles.","https://raw.githubusercontent.com/catiaalves/dice_disgust_mod/main/1.john_user.avif",543,0,0,NA,"FN2",1,"filler1"
52,2024-03-20 11:21:00,"Just moved into my student residence and encountered a persistent delightful smell. I walked around the corner and stumbled upon these fresh flowers‚Ä¶it was a good start! #studentlife","https://raw.githubusercontent.com/catiaalves/dice_disgust_mod/main/6N.mark_media_control2.jpg",NA,15,1,10,"MarkTaylor20","Mark Taylor","Psychology student exploring the intricate layers of human behavior. Enthusiast of both the mind and the canvas. #Psychology #Art #Humanity","https://raw.githubusercontent.com/catiaalves/dice_disgust_mod/main/6.mark_user.jpg",294,0,0,NA,"FN2",2,"neutral_mark"
53,2024-03-20 15:12:00,"Research has shown that 75% of mental health problems emerge before the age of 18. Find out how experts are analysing the brain's development from infancy through to adolescence. #mentalhealth #brain","https://raw.githubusercontent.com/catiaalves/dice_disgust_mod/main/3.oxford_media.avif",NA,101,12,3,"UniofOxford","University of Oxford","Welcome to our official account. Follow for the latest news, research and updates about life at Oxford.","https://raw.githubusercontent.com/catiaalves/dice_disgust_mod/main/3.oxford_user.jpg",993839,0,0,NA,"FN2",3,"functional_oxford"
54,2024-03-20 17:00:00,"Hong Kong attracts 24 applicants for crypto exchange permits. The city is seeking to foster a regulated hub for digital assets.#technology #crypto","https://raw.githubusercontent.com/catiaalves/dice_disgust_mod/main/4.bloomberg_media.avif",NA,94,14,16,"Bloomberg","Bloomberg","Connecting decision makers to a dynamic network of information, people and ideas.","https://raw.githubusercontent.com/catiaalves/dice_disgust_mod/main/4.bloomberg_user.jpg",720393,0,0,NA,"FN2",4,"functional_bloomberg"
55,2024-03-20 17:14:00,"The AI era. The Angstrom era. The_____era. What's next for the world and for us? Give us your guesses below.","https://raw.githubusercontent.com/catiaalves/dice_disgust_mod/main/5.intel_media.jpg",NA,61,3,40,"Intel","Intel","Intel news, views & events about global tech innovation. Looking for support? Tweet @IntelSupport","https://raw.githubusercontent.com/catiaalves/dice_disgust_mod/main/5.intel_user.png",4900846,0,0,NA,"FN2",5,"functional_intel"
56,2024-03-21 09:11:00,"Yesterday, I was having lunch with a group of friends at a local restaurant near my place. Then I went to the bathroom and found it to be well-arranged. It got me thinking about making some changes to my own bathroom at home. #Bathroom","https://raw.githubusercontent.com/catiaalves/dice_disgust_mod/main/2N.barbara_media_control.jpg",NA,54,18,35,"BarbaraSmith","Barbara Smith","Zodiac expert | Yoga professor | Life isn't about waiting for the storm to pass, it's about learning to dance in the rain.","https://raw.githubusercontent.com/catiaalves/dice_disgust_mod/main/2.barbara_user.avif",713,0,0,NA,"FN2",6,"neutral_barbara"
57,2024-03-21 11:32:00,"Summit Series is built to stand the tests of nature and time. It‚Äôs developed for the best, when the best are at their limit.
Shop Summit Series","https://raw.githubusercontent.com/catiaalves/dice_disgust_mod/main/8.northface_media.jfif",NA,101,19,2,"Thenorthface","The North Face","Official home of The North Face. #NeverStopExploring","https://raw.githubusercontent.com/catiaalves/dice_disgust_mod/main/8.northface_user.jpg",557400,0,0,NA,"FN2",7,"functional_northface"
58,2024-03-21 12:15:00,"Dream a little dream of Pure Cool Me‚Ñ¢. Purified air to cool you at night with our latest air projection technology. Set the sleep timer so you can keep cool and comfortable while you rest.","https://raw.githubusercontent.com/catiaalves/dice_disgust_mod/main/9.dyson_media.jfif",NA,32,8,3,"Dyson","Dyson","We‚Äôre here to share news and updates about Dyson technology. Please tweet 'AskDyson' for customer support.","https://raw.githubusercontent.com/catiaalves/dice_disgust_mod/main/9.dyson_user.png",91300,0,0,NA,"FN2",8,"functional_dyson"
59,2024-03-21 14:41:00,"Today, we reflect on the efforts we have already made to reduce our impact on the environment and focus on how we can do more.
#EverydayHeroes #WeDeliverPromises","https://raw.githubusercontent.com/catiaalves/dice_disgust_mod/main/7.yodel_media.jfif",NA,1,2,9,"YodelOnline","Yodel","Track your parcel at http://yodel.co.uk. Download the Yodel app today and see a two-hour delivery window and a delivered image for every parcel delivered to a door.","https://raw.githubusercontent.com/catiaalves/dice_disgust_mod/main/7.yodel_user.jpg",70700,0,0,NA,"FN2",9,"functional_yodel"
60,2024-03-21 20:12:00,"Walking among the ancient Roman ruins today feels like stepping back in time. Imagining the lives of those who once walked these streets - humbling reminder of our shared human journey.  #RomanEmpire #Archaeology","https://raw.githubusercontent.com/catiaalves/dice_disgust_mod/main/10.david_media.avif",NA,36,28,14,"DavidRod","David Rodriguez","Archaeologist based in Italy | Expert in hieroglyphs |Outdoor enthusiast & Landscape photographer","https://raw.githubusercontent.com/catiaalves/dice_disgust_mod/main/10.david_user.avif",954,0,0,NA,"FN2",10,"filler2"
61,2024-03-20 09:15:00,"Today I completed a marathon of books that were recommended by a friend working in the tech industry. All of them were extremely insightful but I have to admit that 'Exponential Organizations' stood out. A must-read for anyone looking to thrive in an era of constant change! #futureorganizations","https://raw.githubusercontent.com/catiaalves/dice_disgust_mod/main/1.john_media.avif",NA,46,0,3,"JohnP","John Parker","An accountant by day, fashion enthusiast by night. Always trying to learn something new and see things from different angles.","https://raw.githubusercontent.com/catiaalves/dice_disgust_mod/main/1.john_user.avif",543,0,0,NA,"EN1",1,"filler1"
62,2024-03-20 11:21:00,"Yesterday, I was having lunch with a group of friends at a local restaurant near my place. Then I went to the bathroom and found it to be well-arranged. It got me thinking about making some changes to my own bathroom at home. #Bathroom","https://raw.githubusercontent.com/catiaalves/dice_disgust_mod/main/2N.barbara_media_control.jpg",NA,54,18,35,"BarbaraSmith","Barbara Smith","Zodiac expert | Yoga professor | Life isn't about waiting for the storm to pass, it's about learning to dance in the rain.","https://raw.githubusercontent.com/catiaalves/dice_disgust_mod/main/2.barbara_user.avif",713,0,0,NA,"EN1",2,"neutral_barbara"
63,2024-03-20 15:12:00,"‚ÄòThat simply can‚Äôt happen. To go in front against 10 men and then lose the lead, at home, it‚Äôs just not good enough.' üóØÔ∏è
Cole's honest assessment of our draw with Burnley. ‚§µÔ∏è","https://raw.githubusercontent.com/catiaalves/dice_disgust_mod/main/E9.chelsea_media.png",NA,43000,405,328,"ChelseaFC","Chelsea FC","Official account of Chelsea FC | London, England","https://raw.githubusercontent.com/catiaalves/dice_disgust_mod/main/E9.chelsea_user.jpg",25500000,0,0,NA,"EN1",3,"emotional_chelsea"
64,2024-03-20 17:00:00,"We think Yellow is fitting in pretty well here ‚Äì what do you think 
@mmschocolate","https://raw.githubusercontent.com/catiaalves/dice_disgust_mod/main/E4.snikers_media.jpg",NA,191,30,8,"SNICKERS","Snickers","If you think this is Vine.
Maybe you just need a SNICKERS","https://raw.githubusercontent.com/catiaalves/dice_disgust_mod/main/E4.snikers_user.jpg",501700,0,0,NA,"EN1",4,"emotional_snickers"
65,2024-03-20 17:14:00,"Do you speak Trench?
Paris' most coveted coat is back (but it won't be around for long ;)","https://raw.githubusercontent.com/catiaalves/dice_disgust_mod/main/E5.sezane_media.jpg",NA,12,3,1,"SezaneParis","Sezane","S√©zane was made in Paris, this account was made for you. 
Need help with something? Your hotline to Paris: hello@sezane.com","https://raw.githubusercontent.com/catiaalves/dice_disgust_mod/main/E5.sezane_user.jpg",14500,0,0,NA,"EN1",5,"emotional_sezane"
66,2024-03-21 09:11:00,"Just moved into my student residence and encountered a persistent delightful smell. I walked around the corner and stumbled upon these fresh flowers‚Ä¶it was a good start! #studentlife","https://raw.githubusercontent.com/catiaalves/dice_disgust_mod/main/6N.mark_media_control2.jpg",NA,15,1,10,"MarkTaylor20","Mark Taylor","Psychology student exploring the intricate layers of human behavior. Enthusiast of both the mind and the canvas. #Psychology #Art #Humanity","https://raw.githubusercontent.com/catiaalves/dice_disgust_mod/main/6.mark_user.jpg",294,0,0,NA,"EN1",6,"neutral_mark"
67,2024-03-21 11:32:00,"definitely on the lookout for rainbows today üëÄ","https://raw.githubusercontent.com/catiaalves/dice_disgust_mod/main/E7.dominos_media.jpg",NA,241,85,24,"Dominos","Domino's Pizza","DOMIN-OH-HOO-HOO CS hours: Mon‚ÄìThurs 9am-10pm Fri 9am‚Äì12am Sat & Sun 12pm-12am","https://raw.githubusercontent.com/catiaalves/dice_disgust_mod/main/E7.dominos_user.jpg",1500000,0,0,NA,"EN1",7,"emotional_dominos"
68,2024-03-21 12:15:00,"A group of women linked to the fate of different worlds. Here's everything you need to know about the Black Swans.","https://raw.githubusercontent.com/catiaalves/dice_disgust_mod/main/E8.marvel_media.jpg",NA,303,33,7,"MarvelEntertainment","Marvel","The official account for Marvel comics, movies, games, and more.","https://raw.githubusercontent.com/catiaalves/dice_disgust_mod/main/E8.marvel_user.jpg",18600,0,0,NA,"EN1",8,"emotional_marvel"
69,2024-03-21 14:41:00,"Your most-loved liquid lipstick celebrates its 10th birthday with limited-edition shades & packaging! üòçüíã Grab yours now üíÑ #UnlimitedDoubleTouch","https://raw.githubusercontent.com/catiaalves/dice_disgust_mod/main/E3.kiko_media.jpg",NA,5,2,1,"KIKO","Kiko","Official KIKO Milan account, the leading brand in Europe for makeup & skin care. Follow us to be the first to know about the latest beauty trends.","https://raw.githubusercontent.com/catiaalves/dice_disgust_mod/main/E3.kiko_user.jpg",19100,0,0,NA,"EN1",9,"emotional_kiko"
70,2024-03-21 20:12:00,"Walking among the ancient Roman ruins today feels like stepping back in time. Imagining the lives of those who once walked these streets - humbling reminder of our shared human journey.  #RomanEmpire #Archaeology","https://raw.githubusercontent.com/catiaalves/dice_disgust_mod/main/10.david_media.avif",NA,36,28,14,"DavidRod","David Rodriguez","Archaeologist based in Italy | Expert in hieroglyphs |Outdoor enthusiast & Landscape photographer","https://raw.githubusercontent.com/catiaalves/dice_disgust_mod/main/10.david_user.avif",954,0,0,NA,"EN1",10,"filler2"
71,2024-03-20 09:15:00,"Today I completed a marathon of books that were recommended by a friend working in the tech industry. All of them were extremely insightful but I have to admit that 'Exponential Organizations' stood out. A must-read for anyone looking to thrive in an era of constant change! #futureorganizations","https://raw.githubusercontent.com/catiaalves/dice_disgust_mod/main/1.john_media.avif",NA,46,0,3,"JohnP","John Parker","An accountant by day, fashion enthusiast by night. Always trying to learn something new and see things from different angles.","https://raw.githubusercontent.com/catiaalves/dice_disgust_mod/main/1.john_user.avif",543,0,0,NA,"EN2",1,"filler1"
72,2024-03-20 11:21:00,"Just moved into my student residence and encountered a persistent delightful smell. I walked around the corner and stumbled upon these fresh flowers‚Ä¶it was a good start! #studentlife","https://raw.githubusercontent.com/catiaalves/dice_disgust_mod/main/6N.mark_media_control2.jpg",NA,15,1,10,"MarkTaylor20","Mark Taylor","Psychology student exploring the intricate layers of human behavior. Enthusiast of both the mind and the canvas. #Psychology #Art #Humanity","https://raw.githubusercontent.com/catiaalves/dice_disgust_mod/main/6.mark_user.jpg",294,0,0,NA,"EN2",2,"neutral_mark"
73,2024-03-20 15:12:00,"‚ÄòThat simply can‚Äôt happen. To go in front against 10 men and then lose the lead, at home, it‚Äôs just not good enough.' üóØÔ∏è
Cole's honest assessment of our draw with Burnley. ‚§µÔ∏è","https://raw.githubusercontent.com/catiaalves/dice_disgust_mod/main/E9.chelsea_media.png",NA,43000,405,328,"ChelseaFC","Chelsea FC","Official account of Chelsea FC | London, England","https://raw.githubusercontent.com/catiaalves/dice_disgust_mod/main/E9.chelsea_user.jpg",25500000,0,0,NA,"EN2",3,"emotional_chelsea"
74,2024-03-20 17:00:00,"We think Yellow is fitting in pretty well here ‚Äì what do you think 
@mmschocolate","https://raw.githubusercontent.com/catiaalves/dice_disgust_mod/main/E4.snikers_media.jpg",NA,191,30,8,"SNICKERS","Snickers","If you think this is Vine.
Maybe you just need a SNICKERS","https://raw.githubusercontent.com/catiaalves/dice_disgust_mod/main/E4.snikers_user.jpg",501700,0,0,NA,"EN2",4,"emotional_snickers"
75,2024-03-20 17:14:00,"Do you speak Trench?
Paris' most coveted coat is back (but it won't be around for long ;)","https://raw.githubusercontent.com/catiaalves/dice_disgust_mod/main/E5.sezane_media.jpg",NA,12,3,1,"SezaneParis","Sezane","S√©zane was made in Paris, this account was made for you. 
Need help with something? Your hotline to Paris: hello@sezane.com","https://raw.githubusercontent.com/catiaalves/dice_disgust_mod/main/E5.sezane_user.jpg",14500,0,0,NA,"EN2",5,"emotional_sezane"
76,2024-03-21 09:11:00,"Yesterday, I was having lunch with a group of friends at a local restaurant near my place. Then I went to the bathroom and found it to be well-arranged. It got me thinking about making some changes to my own bathroom at home. #Bathroom","https://raw.githubusercontent.com/catiaalves/dice_disgust_mod/main/2N.barbara_media_control.jpg",NA,54,18,35,"BarbaraSmith","Barbara Smith","Zodiac expert | Yoga professor | Life isn't about waiting for the storm to pass, it's about learning to dance in the rain.","https://raw.githubusercontent.com/catiaalves/dice_disgust_mod/main/2.barbara_user.avif",713,0,0,NA,"EN2",6,"neutral_barbara"
77,2024-03-21 11:32:00,"definitely on the lookout for rainbows today üëÄ","https://raw.githubusercontent.com/catiaalves/dice_disgust_mod/main/E7.dominos_media.jpg",NA,241,85,24,"Dominos","Domino's Pizza","DOMIN-OH-HOO-HOO CS hours: Mon‚ÄìThurs 9am-10pm Fri 9am‚Äì12am Sat & Sun 12pm-12am","https://raw.githubusercontent.com/catiaalves/dice_disgust_mod/main/E7.dominos_user.jpg",1500000,0,0,NA,"EN2",7,"emotional_dominos"
78,2024-03-21 12:15:00,"A group of women linked to the fate of different worlds. Here's everything you need to know about the Black Swans.","https://raw.githubusercontent.com/catiaalves/dice_disgust_mod/main/E8.marvel_media.jpg",NA,303,33,7,"MarvelEntertainment","Marvel","The official account for Marvel comics, movies, games, and more.","https://raw.githubusercontent.com/catiaalves/dice_disgust_mod/main/E8.marvel_user.jpg",18600,0,0,NA,"EN2",8,"emotional_marvel"
79,2024-03-21 14:41:00,"Your most-loved liquid lipstick celebrates its 10th birthday with limited-edition shades & packaging! üòçüíã Grab yours now üíÑ #UnlimitedDoubleTouch","https://raw.githubusercontent.com/catiaalves/dice_disgust_mod/main/E3.kiko_media.jpg",NA,5,2,1,"KIKO","Kiko","Official KIKO Milan account, the leading brand in Europe for makeup & skin care. Follow us to be the first to know about the latest beauty trends.","https://raw.githubusercontent.com/catiaalves/dice_disgust_mod/main/E3.kiko_user.jpg",19100,0,0,NA,"EN2",9,"emotional_kiko"
80,2024-03-21 20:12:00,"Walking among the ancient Roman ruins today feels like stepping back in time. Imagining the lives of those who once walked these streets - humbling reminder of our shared human journey.  #RomanEmpire #Archaeology","https://raw.githubusercontent.com/catiaalves/dice_disgust_mod/main/10.david_media.avif",NA,36,28,14,"DavidRod","David Rodriguez","Archaeologist based in Italy | Expert in hieroglyphs |Outdoor enthusiast & Landscape photographer","https://raw.githubusercontent.com/catiaalves/dice_disgust_mod/main/10.david_user.avif",954,0,0,NA,"EN2",10,"filler2"
